mode,trial,choice,reaction_time,reward,condition,reward_prob_1,reward_prob_2,payoff_1,payoff_2
practice,1,1,0.5866172080859542,1,0,0.6048813378285252,0.5895259176684322,1,1
practice,2,1,0.8628890831023455,0,0,0.6450662699958258,0.532447233773351,0,0
practice,3,0,0.69874795852229,0,0,0.6544730304236281,0.4820174398686927,0,1
