model	elpd_waic	elpd_waic_se	p_waic	p_waic_se	waic	waic_se
rl_cp_basic_YP	-5408.58650465107	139.771587867436	31.3448341392874	2.51206173002112	10817.1730093021	279.543175734873
rl_cp_basic_SG	-5406.71907668893	141.380269659943	34.6337694622997	2.75821480447217	10813.4381533779	282.760539319886
