model	elpd_waic	elpd_waic_se	p_waic	p_waic_se	waic	waic_se
rl_cp_basic_YP	-5408.02793608926	139.750121548058	30.4774404050739	2.54445043469102	10816.0558721785	279.500243096115
