model	elpd_loo	elpd_loo_se	p_loo	p_loo_se	looic	looic_se	elpd_diff	se_diff
rl_cp_basic_YP	-5420.85433858469	139.058357839075	43.5054302137262	3.83054039260736	10841.7086771694	278.116715678149	-0.10169452481766	3.66179315837769
rl_cp_basic_SG	-5420.75264405987	140.898205851791	49.024703928305	3.5039675589468	10841.5052881197	281.796411703581	0	0
