model	elpd_loo	elpd_loo_se	p_loo	p_loo_se	looic	looic_se	max_rhat	min_n_eff	elpd_diff	se_diff
rl_cp_shift	-5402.21262947428	141.322905797045	69.9309646747604	7.96742211687941	10804.4252589486	282.645811594089	1.02992165524343	170.659836377952	0	0
