mode,trial,choice,reaction_time,reward,condition,reward_prob_1,reward_prob_2,payoff_1,payoff_2
practice,1,0,0.9162462083331775,1,0,0.6048813378285252,0.5895259176684322,1,1
practice,2,0,1.4282796250190586,0,0,0.6450662699958258,0.532447233773351,0,0
practice,3,0,1.483779083326226,0,0,0.6544730304236281,0.4820174398686927,0,1
practice,4,0,0.8168029583175667,1,0,0.6295070273466354,0.4252397541511419,1,0
practice,5,0,1.595666416658787,0,0,0.5679421023416429,0.4404499769727866,0,1
practice,6,0,1.224970375013072,1,0,0.5057265612503707,0.4767937004162516,1,0
practice,7,0,0.4513511249970179,1,1,0.5299104961702631,0.5875052716684093,1,1
